{"cameraMode":{"drawMode":0,"name":"Shaded","section":"Shading Mode"},"sceneLighting":false,"audioPlay":false,"sceneViewState":{"m_AlwaysRefresh":false,"showFog":true,"showSkybox":false,"showFlares":true,"showImageEffects":true,"showParticleSystems":true,"showVisualEffectGraphs":true,"m_FxEnabled":true},"in2DMode":false,"pivot":{"x":2.446009874343872,"y":1.9741787910461426,"z":0.5088587999343872},"rotation":{"x":-0.05661860853433609,"y":-0.42215391993522646,"z":0.026380259543657304,"w":-0.9044468998908997},"size":4.457896709442139,"orthographic":false}