{"cameraMode":{"drawMode":0,"name":"Shaded","section":"Shading Mode"},"sceneLighting":false,"audioPlay":false,"sceneViewState":{"m_AlwaysRefresh":false,"showFog":false,"showSkybox":false,"showFlares":false,"showImageEffects":false,"showParticleSystems":false,"showVisualEffectGraphs":true,"m_FxEnabled":true},"in2DMode":false,"pivot":{"x":5.605312824249268,"y":2.6052489280700685,"z":2.915163278579712},"rotation":{"x":0.0064047169871628288,"y":-0.8284558057785034,"z":0.00955094862729311,"w":0.5599902272224426},"size":0.6449052095413208,"orthographic":false}