{"cameraMode":{"drawMode":0,"name":"Shaded","section":"Shading Mode"},"sceneLighting":true,"audioPlay":false,"sceneViewState":{"m_AlwaysRefresh":false,"showFog":true,"showSkybox":true,"showFlares":true,"showImageEffects":true,"showParticleSystems":true,"showVisualEffectGraphs":true,"m_FxEnabled":true},"in2DMode":false,"pivot":{"x":35.30738067626953,"y":26.659011840820314,"z":28.611927032470704},"rotation":{"x":-0.04805450141429901,"y":0.8189590573310852,"z":-0.08928846567869187,"w":-0.5658969879150391},"size":12.461819648742676,"orthographic":false}