{"cameraMode":{"drawMode":0,"name":"Shaded","section":"Shading Mode"},"sceneLighting":false,"audioPlay":false,"sceneViewState":{"m_AlwaysRefresh":false,"showFog":false,"showSkybox":false,"showFlares":false,"showImageEffects":false,"showParticleSystems":false,"showVisualEffectGraphs":true,"m_FxEnabled":true},"in2DMode":false,"pivot":{"x":-0.37202608585357668,"y":1.825300931930542,"z":1.7625068426132203},"rotation":{"x":0.025064565241336824,"y":-0.9748607277870178,"z":0.15083320438861848,"w":0.1622280329465866},"size":1.3275675773620606,"orthographic":false}