{"cameraMode":{"drawMode":0,"name":"Shaded","section":"Shading Mode"},"sceneLighting":false,"audioPlay":false,"sceneViewState":{"m_AlwaysRefresh":false,"showFog":false,"showSkybox":false,"showFlares":false,"showImageEffects":false,"showParticleSystems":false,"showVisualEffectGraphs":true,"m_FxEnabled":true},"in2DMode":false,"pivot":{"x":0.000016689300537109375,"y":0.8316175937652588,"z":0.026413366198539735},"rotation":{"x":0.022117506712675096,"y":-0.9763363599777222,"z":0.17766398191452027,"w":0.12158947438001633},"size":1.3218719959259034,"orthographic":false}