{"cameraMode":{"drawMode":0,"name":"Shaded","section":"Shading Mode"},"sceneLighting":false,"audioPlay":false,"sceneViewState":{"m_AlwaysRefresh":false,"showFog":true,"showSkybox":false,"showFlares":true,"showImageEffects":true,"showParticleSystems":true,"showVisualEffectGraphs":true,"m_FxEnabled":true},"in2DMode":false,"pivot":{"x":-0.09509748965501785,"y":0.005396783351898193,"z":0.026120968163013459},"rotation":{"x":0.23699042201042176,"y":-0.7434476613998413,"z":0.5082022547721863,"w":0.36587706208229067},"size":0.14970950782299043,"orthographic":false}