{"cameraMode":{"drawMode":0,"name":"Shaded","section":"Shading Mode"},"sceneLighting":false,"audioPlay":false,"sceneViewState":{"m_AlwaysRefresh":false,"showFog":true,"showSkybox":false,"showFlares":true,"showImageEffects":true,"showParticleSystems":true,"showVisualEffectGraphs":true,"m_FxEnabled":true},"in2DMode":false,"pivot":{"x":20.31999969482422,"y":0.800000011920929,"z":3.1700000762939455},"rotation":{"x":0.022117506712675096,"y":-0.9763363599777222,"z":0.17766398191452027,"w":0.12158947438001633},"size":1.166190505027771,"orthographic":false}