{"cameraMode":{"drawMode":0,"name":"Shaded","section":"Shading Mode"},"sceneLighting":false,"audioPlay":false,"sceneViewState":{"m_AlwaysRefresh":false,"showFog":false,"showSkybox":false,"showFlares":false,"showImageEffects":false,"showParticleSystems":false,"showVisualEffectGraphs":true,"m_FxEnabled":true},"in2DMode":false,"pivot":{"x":-0.22678256034851075,"y":0.2284964919090271,"z":1.1783607006072999},"rotation":{"x":-0.010528172366321087,"y":-0.7995352745056152,"z":0.013977818191051484,"w":-0.6004021167755127},"size":1.7356455326080323,"orthographic":false}