{"cameraMode":{"drawMode":0,"name":"Shaded","section":"Shading Mode"},"sceneLighting":false,"audioPlay":false,"sceneViewState":{"m_AlwaysRefresh":false,"showFog":false,"showSkybox":false,"showFlares":false,"showImageEffects":false,"showParticleSystems":false,"showVisualEffectGraphs":true,"m_FxEnabled":true},"in2DMode":false,"pivot":{"x":0.4236707389354706,"y":0.32712244987487795,"z":0.28587615489959719},"rotation":{"x":0.05494329705834389,"y":-0.7931704521179199,"z":0.07238616049289704,"w":0.6022197604179382},"size":0.1209307312965393,"orthographic":false}