{"cameraMode":{"drawMode":0,"name":"Shaded","section":"Shading Mode"},"sceneLighting":false,"audioPlay":false,"sceneViewState":{"m_AlwaysRefresh":false,"showFog":false,"showSkybox":false,"showFlares":false,"showImageEffects":false,"showParticleSystems":false,"showVisualEffectGraphs":true,"m_FxEnabled":true},"in2DMode":false,"pivot":{"x":-0.18050314486026765,"y":2.5403711795806886,"z":3.221520185470581},"rotation":{"x":0.002731180051341653,"y":-0.9967091083526611,"z":-0.03889608755707741,"w":-0.07149083912372589},"size":2.9713845252990724,"orthographic":false}